link,provincia,departamento,region,cnpv_2001,cnpv_2010,nacimientos_2010_2000,defunciones_2010_2000,pob_esperables,saldo_migratorio,tasa_migracion,codpcia
06854,Buenos Aires,25 De Mayo,Centro,34877,35842,4941,3529,36289,-447,-1.23,06
06588,Buenos Aires,9 De Julio,Centro,45998,47722,6896,4566,48328,-606,-1.25,06
06007,Buenos Aires,Adolfo Alsina,Centro,16245,17072,2007,1612,16640,432,2.6,06
06014,Buenos Aires,Adolfo Gonzales Chaves,Centro,12037,12047,1663,1133,12567,-520,-4.14,06
06021,Buenos Aires,Alberti,Centro,10373,10654,1421,1062,10732,-78,-0.73,06
06028,Buenos Aires,Almirante Brown,Centro,515556,552902,88712,34382,569886,-16984,-2.98,06
06077,Buenos Aires,Arrecifes,Centro,27279,29044,4284,2537,29026,18,0.06,06
06035,Buenos Aires,Avellaneda,Centro,328980,342677,53774,34939,347815,-5138,-1.48,06
06042,Buenos Aires,Ayacucho,Centro,19669,20337,3185,1801,21053,-716,-3.4,06
06049,Buenos Aires,Azul,Centro,62996,65280,9794,5618,67172,-1892,-2.82,06
06056,Buenos Aires,Bahia Blanca,Centro,284776,301572,41309,24181,301904,-332,-0.11,06
06063,Buenos Aires,Balcarce,Centro,42039,43823,6052,3649,44442,-619,-1.39,06
06070,Buenos Aires,Baradero,Centro,29562,32761,5084,2953,31693,1068,3.37,06
06084,Buenos Aires,Benito Juarez,Centro,19443,20239,2964,1765,20642,-403,-1.95,06
06091,Buenos Aires,Berazategui,Centro,287913,324244,51601,19026,320488,3756,1.17,06
06098,Buenos Aires,Berisso,Centro,80092,88470,12684,6550,86226,2244,2.6,06
06105,Buenos Aires,Bolivar,Centro,32442,34190,4373,3620,33195,995,3,06
06112,Buenos Aires,Bragado,Centro,40259,41336,5709,4209,41759,-423,-1.01,06
06119,Buenos Aires,Brandsen,Centro,22515,26367,4600,1717,25398,969,3.82,06
06126,Buenos Aires,Campana,Centro,83698,94461,15906,5780,93824,637,0.68,06
06134,Buenos Aires,Canuelas,Centro,42575,51892,8661,3050,48186,3706,7.69,06
06140,Buenos Aires,Capitan Sarmiento,Centro,12854,14494,1906,1076,13684,810,5.92,06
06147,Buenos Aires,Carlos Casares,Centro,21125,22237,3257,2104,22278,-41,-0.18,06
06154,Buenos Aires,Carlos Tejedor,Centro,11539,11570,1502,1024,12017,-447,-3.72,06
06161,Buenos Aires,Carmen De Areco,Centro,13992,14692,2285,1214,15063,-371,-2.46,06
06168,Buenos Aires,Castelli,Centro,7852,8205,1105,743,8214,-9,-0.11,06
06210,Buenos Aires,Chacabuco,Centro,45445,48703,6927,4697,47675,1028,2.16,06
06217,Buenos Aires,Chascomus,Centro,38647,42277,6632,3274,42005,272,0.65,06
06224,Buenos Aires,Chivilcoy,Centro,60762,64185,8716,6467,63011,1174,1.86,06
06175,Buenos Aires,Colon,Centro,23179,24890,3582,2008,24753,137,0.55,06
06182,Buenos Aires,Coronel De Marina Leonardo Rosales,Centro,60892,62152,9324,3102,67114,-4962,-7.39,06
06189,Buenos Aires,Coronel Dorrego,Centro,16522,15825,1986,1640,16868,-1043,-6.18,06
06196,Buenos Aires,Coronel Pringles,Centro,23794,22933,3264,2181,24877,-1944,-7.81,06
06203,Buenos Aires,Coronel Suarez,Centro,36828,38320,4703,3301,38230,90,0.24,06
06231,Buenos Aires,Daireaux,Centro,15857,16889,2628,1245,17240,-351,-2.04,06
06238,Buenos Aires,Dolores,Centro,25216,27042,4169,2390,26995,47,0.17,06
06245,Buenos Aires,Ensenada,Centro,51448,56729,8931,4237,56142,587,1.05,06
06252,Buenos Aires,Escobar,Centro,178155,213619,38447,9944,206658,6961,3.37,06
06260,Buenos Aires,Esteban Echeverria,Centro,243974,300959,50145,15136,278983,21976,7.88,06
06266,Buenos Aires,Exaltacion De La Cruz,Centro,24167,29805,4960,1697,27430,2375,8.66,06
06270,Buenos Aires,Ezeiza,Centro,118807,163722,27900,6762,139945,23777,16.99,06
06274,Buenos Aires,Florencio Varela,Centro,348970,426005,75174,18449,405695,20310,5.01,06
06277,Buenos Aires,Florentino Ameghino,Centro,8171,8869,1414,634,8951,-82,-0.92,06
06280,Buenos Aires,General Alvarado,Centro,34391,39594,5325,2713,37003,2591,7,06
06287,Buenos Aires,General Alvear,Centro,10897,11130,1336,800,11433,-303,-2.65,06
06294,Buenos Aires,General Arenales,Centro,14876,14903,1594,1490,14980,-77,-0.51,06
06301,Buenos Aires,General Belgrano,Centro,15381,17365,2322,1611,16092,1273,7.91,06
06308,Buenos Aires,General Guido,Centro,2771,2816,309,216,2864,-48,-1.68,06
06315,Buenos Aires,General Juan Madariaga,Centro,18286,19747,3338,1603,20021,-274,-1.37,06
06322,Buenos Aires,General La Madrid,Centro,10984,10783,1462,847,11599,-816,-7.04,06
06329,Buenos Aires,General Las Heras,Centro,12799,14889,2107,1109,13797,1092,7.91,06
06336,Buenos Aires,General Lavalle,Centro,3063,3700,436,231,3268,432,13.22,06
06343,Buenos Aires,General Paz,Centro,10319,11202,1565,911,10973,229,2.09,06
06351,Buenos Aires,General Pinto,Centro,11129,11261,1530,889,11770,-509,-4.32,06
06357,Buenos Aires,General Pueyrredon,Centro,564056,618989,87810,54098,597768,21221,3.55,06
06364,Buenos Aires,General Rodriguez,Centro,67931,87185,16351,4937,79345,7840,9.88,06
06371,Buenos Aires,General San Martin,Centro,403107,414196,58599,36186,425520,-11324,-2.66,06
06385,Buenos Aires,General Viamonte,Centro,17641,18078,2349,1676,18314,-236,-1.29,06
06392,Buenos Aires,General Villegas,Centro,28960,30864,4721,2276,31405,-541,-1.72,06
06399,Buenos Aires,Guamini,Centro,11257,11826,1337,917,11677,149,1.28,06
06406,Buenos Aires,Hipolito Yrigoyen,Centro,8819,9585,1270,810,9279,306,3.3,06
06408,Buenos Aires,Hurlingham,Centro,172245,181241,25651,12658,185238,-3997,-2.16,06
06410,Buenos Aires,Ituzaingo,Centro,158121,167824,21651,11740,168032,-208,-0.12,06
06412,Buenos Aires,Jose C. Paz,Centro,230208,265981,49881,13400,266689,-708,-0.27,06
06413,Buenos Aires,Junin,Centro,88664,90305,13068,9501,92231,-1926,-2.09,06
06420,Buenos Aires,La Costa,Centro,60483,69633,10439,4290,66632,3001,4.5,06
06427,Buenos Aires,La Matanza,Centro,1255288,1775816,232802,83376,1404714,371102,26.42,06
06441,Buenos Aires,La Plata,Centro,574369,654324,105791,50469,629691,24633,3.91,06
06434,Buenos Aires,Lanus,Centro,453082,459263,66711,44255,475538,-16275,-3.42,06
06448,Buenos Aires,Laprida,Centro,9683,10210,1548,815,10416,-206,-1.98,06
06455,Buenos Aires,Las Flores,Centro,23551,23871,3520,2382,24689,-818,-3.31,06
06462,Buenos Aires,Leandro N. Alem,Centro,16358,16799,2538,1513,17383,-584,-3.36,06
06469,Buenos Aires,Lincoln,Centro,41127,41808,6070,3806,43391,-1583,-3.65,06
06476,Buenos Aires,Loberia,Centro,17008,17523,2281,1430,17859,-336,-1.88,06
06483,Buenos Aires,Lobos,Centro,33141,36172,5800,2989,35952,220,0.61,06
06490,Buenos Aires,Lomas De Zamora,Centro,591345,616279,104107,48388,647064,-30785,-4.76,06
06497,Buenos Aires,Lujan,Centro,93992,106273,16254,8087,102159,4114,4.03,06
06505,Buenos Aires,Magdalena,Centro,16603,19301,2715,1319,17999,1302,7.23,06
06511,Buenos Aires,Maipu,Centro,10193,10188,1512,1006,10699,-511,-4.78,06
06515,Buenos Aires,Malvinas Argentinas,Centro,290691,322375,53355,17262,326784,-4409,-1.35,06
06518,Buenos Aires,Mar Chiquita,Centro,17908,21279,2634,1325,19217,2062,10.73,06
06525,Buenos Aires,Marcos Paz,Centro,43400,54181,9111,2844,49667,4514,9.09,06
06532,Buenos Aires,Mercedes,Centro,59870,63284,9252,5404,63718,-434,-0.68,06
06539,Buenos Aires,Merlo,Centro,469985,528494,88445,26789,531641,-3147,-0.59,06
06547,Buenos Aires,Monte,Centro,17488,21034,3225,1483,19230,1804,9.38,06
06553,Buenos Aires,Monte Hermoso,Centro,5602,6499,763,333,6032,467,7.74,06
06560,Buenos Aires,Moreno,Centro,380503,452505,78024,21383,437144,15361,3.51,06
06568,Buenos Aires,Moron,Centro,309380,321109,44044,32129,321295,-186,-0.06,06
06574,Buenos Aires,Navarro,Centro,15797,17054,2703,1215,17285,-231,-1.34,06
06581,Buenos Aires,Necochea,Centro,89096,92933,13735,8452,94379,-1446,-1.53,06
06595,Buenos Aires,Olavarria,Centro,103961,111708,16468,8780,111649,59,0.05,06
06602,Buenos Aires,Patagones,Centro,27938,30207,3747,1930,29755,452,1.52,06
06609,Buenos Aires,Pehuajo,Centro,38400,39776,6014,3593,40821,-1045,-2.56,06
06616,Buenos Aires,Pellegrini,Centro,6030,5887,831,530,6331,-444,-7.01,06
06623,Buenos Aires,Pergamino,Centro,99193,104590,14092,9709,103576,1014,0.98,06
06630,Buenos Aires,Pila,Centro,3318,3640,381,249,3450,190,5.51,06
06638,Buenos Aires,Pilar,Centro,232463,299077,50393,10309,272547,26530,9.73,06
06644,Buenos Aires,Pinamar,Centro,20666,25728,4585,972,24279,1449,5.97,06
06648,Buenos Aires,Presidente Peron,Centro,60191,81141,16199,3465,72925,8216,11.27,06
06651,Buenos Aires,Puan,Centro,16381,15743,1479,1598,16262,-519,-3.19,06
06655,Buenos Aires,Punta Indio,Centro,9362,9888,1333,829,9866,22,0.22,06
06658,Buenos Aires,Quilmes,Centro,518788,582943,97643,43112,573319,9624,1.68,06
06665,Buenos Aires,Ramallo,Centro,29179,33042,5125,2474,31830,1212,3.81,06
06672,Buenos Aires,Rauch,Centro,14434,15176,2118,1270,15282,-106,-0.69,06
06679,Buenos Aires,Rivadavia,Centro,15452,17143,2316,1159,16609,534,3.22,06
06686,Buenos Aires,Rojas,Centro,22842,23432,3332,2413,23761,-329,-1.38,06
06693,Buenos Aires,Roque Perez,Centro,10902,12513,1729,1023,11608,905,7.8,06
06700,Buenos Aires,Saavedra,Centro,19715,20749,2584,1922,20377,372,1.83,06
06707,Buenos Aires,Saladillo,Centro,29600,32103,4544,2824,31320,783,2.5,06
06721,Buenos Aires,Salliquelo,Centro,8682,8644,1193,1064,8811,-167,-1.9,06
06714,Buenos Aires,Salto,Centro,29189,32653,5084,2599,31674,979,3.09,06
06728,Buenos Aires,San Andres De Giles,Centro,20829,23027,3530,1872,22487,540,2.4,06
06735,Buenos Aires,San Antonio De Areco,Centro,21333,23138,3305,1900,22738,400,1.76,06
06742,Buenos Aires,San Cayetano,Centro,8119,8399,967,764,8322,77,0.93,06
06749,Buenos Aires,San Fernando,Centro,151131,163240,25751,13037,163845,-605,-0.37,06
06756,Buenos Aires,San Isidro,Centro,291505,292878,45329,25978,310856,-17978,-5.78,06
06760,Buenos Aires,San Miguel,Centro,253086,276190,47653,15197,285542,-9352,-3.28,06
06763,Buenos Aires,San Nicolas,Centro,137867,145857,22791,10696,149962,-4105,-2.74,06
06770,Buenos Aires,San Pedro,Centro,55234,59036,10314,4669,60879,-1843,-3.03,06
06778,Buenos Aires,San Vicente,Centro,44529,59478,10601,3429,51701,7777,15.04,06
06784,Buenos Aires,Suipacha,Centro,8904,10081,1623,757,9770,311,3.18,06
06791,Buenos Aires,Tandil,Centro,108109,123871,16671,9594,115186,8685,7.54,06
06798,Buenos Aires,Tapalque,Centro,8296,9178,1312,723,8885,293,3.3,06
06805,Buenos Aires,Tigre,Centro,301223,376381,62466,18011,345678,30703,8.88,06
06812,Buenos Aires,Tordillo,Centro,1742,1764,236,117,1861,-97,-5.21,06
06819,Buenos Aires,Tornquist,Centro,11759,12723,1516,915,12360,363,2.94,06
06826,Buenos Aires,Trenque Lauquen,Centro,40181,43021,6613,3316,43478,-457,-1.05,06
06833,Buenos Aires,Tres Arroyos,Centro,57244,57110,7599,5584,59259,-2149,-3.63,06
06840,Buenos Aires,Tres De Febrero,Centro,336467,340071,47531,31758,352240,-12169,-3.45,06
06847,Buenos Aires,Tres Lomas,Centro,7439,8700,908,706,7641,1059,13.86,06
06861,Buenos Aires,Vicente Lopez,Centro,274082,269420,35009,26089,283002,-13582,-4.8,06
06868,Buenos Aires,Villa Gesell,Centro,24282,31730,4978,1690,27570,4160,15.09,06
06875,Buenos Aires,Villarino,Centro,26517,31014,5388,1984,29921,1093,3.65,06
06882,Buenos Aires,Zarate,Centro,101271,114269,20327,8064,113534,735,0.65,06
14007,Cordoba,Calamuchita,Centro,45418,54730,7585,3057,49946,4784,9.58,14
14014,Cordoba,Capital,Centro,1284582,1329604,217218,80960,1420840,-91236,-6.42,14
14021,Cordoba,Colon,Centro,171067,225151,34590,11880,193777,31374,16.19,14
14028,Cordoba,Cruz Del Eje,Centro,52172,58759,9041,3996,57217,1542,2.7,14
14035,Cordoba,General Roca,Centro,33323,35645,5172,2468,36027,-382,-1.06,14
14042,Cordoba,General San Martin,Centro,116107,127454,19151,10613,124645,2809,2.25,14
14049,Cordoba,Ischilin,Centro,30105,31312,5534,2313,33326,-2014,-6.04,14
14056,Cordoba,Juarez Celman,Centro,55348,61078,8857,4094,60111,967,1.61,14
14063,Cordoba,Marcos Juarez,Centro,99761,104205,12928,9185,103504,701,0.68,14
14070,Cordoba,Minas,Centro,4881,4727,677,341,5217,-490,-9.39,14
14077,Cordoba,Pocho,Centro,5132,5380,461,279,5314,66,1.24,14
14084,Cordoba,Presidente Roque Saenz Pena,Centro,34647,36282,5373,3022,36998,-716,-1.94,14
14091,Cordoba,Punilla,Centro,155124,178401,24211,13191,166144,12257,7.38,14
14098,Cordoba,Rio Cuarto,Centro,229728,246393,35724,20151,245301,1092,0.45,14
14105,Cordoba,Rio Primero,Centro,42429,46675,6839,2640,46628,47,0.1,14
14112,Cordoba,Rio Seco,Centro,12635,13242,2002,803,13834,-592,-4.28,14
14119,Cordoba,Rio Segundo,Centro,95803,103718,14999,7235,103567,151,0.15,14
14126,Cordoba,San Alberto,Centro,32395,37004,5536,1693,36238,766,2.11,14
14133,Cordoba,San Javier,Centro,48951,53520,8004,3896,53059,461,0.87,14
14140,Cordoba,San Justo,Centro,190182,206307,30716,17225,203673,2634,1.29,14
14147,Cordoba,Santa Maria,Centro,86083,98188,14219,5785,94517,3671,3.88,14
14154,Cordoba,Sobremonte,Centro,4531,4591,675,528,4678,-87,-1.86,14
14161,Cordoba,Tercero Arriba,Centro,107460,109554,15499,9541,113418,-3864,-3.41,14
14168,Cordoba,Totoral,Centro,16479,18556,2731,886,18324,232,1.27,14
14175,Cordoba,Tulumba,Centro,12211,12673,1690,894,13007,-334,-2.57,14
14182,Cordoba,Union,Centro,100247,105727,15278,8724,106801,-1074,-1.01,14
30008,Entre Rios,Colon,Centro,52718,62160,8545,4317,56946,5214,9.16,30
30015,Entre Rios,Concordia,Centro,157291,170033,30632,10570,177353,-7320,-4.13,30
30021,Entre Rios,Diamante,Centro,44095,46361,6378,3584,46889,-528,-1.13,30
30028,Entre Rios,Federacion,Centro,60204,68736,11416,3801,67819,917,1.35,30
30035,Entre Rios,Federal,Centro,25055,25863,4421,1634,27842,-1979,-7.11,30
30042,Entre Rios,Feliciano,Centro,14584,15079,2982,911,16655,-1576,-9.46,30
30049,Entre Rios,Gualeguay,Centro,48147,51883,8542,3887,52802,-919,-1.74,30
30056,Entre Rios,Gualeguaychu,Centro,101350,109461,16714,7756,110308,-847,-0.77,30
30063,Entre Rios,Islas Del Ibicuy,Centro,11498,12077,1953,541,12910,-833,-6.45,30
30070,Entre Rios,La Paz,Centro,66158,66903,12405,4401,74162,-7259,-9.79,30
30077,Entre Rios,Nogoya,Centro,38840,39026,5891,3026,41705,-2679,-6.42,30
30084,Entre Rios,Parana,Centro,319614,339930,52255,22963,348906,-8976,-2.57,30
30088,Entre Rios,San Salvador,Centro,16118,17357,2979,1050,18047,-690,-3.82,30
30091,Entre Rios,Tala,Centro,25892,25665,4088,2182,27798,-2133,-7.67,30
30098,Entre Rios,Uruguay,Centro,94070,100728,15544,7458,102156,-1428,-1.4,30
30105,Entre Rios,Victoria,Centro,34097,35767,5513,2807,36803,-1036,-2.81,30
30113,Entre Rios,Villaguay,Centro,48416,48965,8642,3450,53608,-4643,-8.66,30
82077,Santa Fe,9 De Julio,Centro,28273,29832,5964,1654,32583,-2751,-8.44,82
82007,Santa Fe,Belgrano,Centro,41449,44788,6035,3686,43798,990,2.26,82
82014,Santa Fe,Caseros,Centro,79096,82100,9685,7808,80973,1127,1.39,82
82021,Santa Fe,Castellanos,Centro,162165,178092,26404,11293,177276,816,0.46,82
82028,Santa Fe,Constitucion,Centro,83045,86910,11536,7068,87513,-603,-0.69,82
82035,Santa Fe,Garay,Centro,19913,20890,3327,1277,21963,-1073,-4.89,82
82042,Santa Fe,General Lopez,Centro,182113,191024,26010,16729,191394,-370,-0.19,82
82049,Santa Fe,General Obligado,Centro,166436,176410,31214,9925,187725,-11315,-6.03,82
82056,Santa Fe,Iriondo,Centro,65486,66675,8349,6319,67516,-841,-1.25,82
82063,Santa Fe,La Capital,Centro,489505,525093,85390,38478,536417,-11324,-2.11,82
82070,Santa Fe,Las Colonias,Centro,95202,104946,13801,7906,101097,3849,3.81,82
82084,Santa Fe,Rosario,Centro,1121441,1193605,173072,88852,1205661,-12056,-1,82
82091,Santa Fe,San Cristobal,Centro,64935,68878,10507,4886,70556,-1678,-2.38,82
82098,Santa Fe,San Javier,Centro,29912,30959,5118,2001,33029,-2070,-6.27,82
82105,Santa Fe,San Jeronimo,Centro,77253,80840,11296,6932,81617,-777,-0.95,82
82112,Santa Fe,San Justo,Centro,40379,40904,6418,3254,43543,-2639,-6.06,82
82119,Santa Fe,San Lorenzo,Centro,142097,157255,24011,11252,154856,2399,1.55,82
82126,Santa Fe,San Martin,Centro,60698,63842,8300,5662,63336,506,0.8,82
82133,Santa Fe,Vera,Centro,51303,51494,9461,3374,57390,-5896,-10.27,82
46007,La Rioja,Arauco,Cuyo,13720,15418,2691,708,15703,-285,-1.81,46
46014,La Rioja,Capital,Cuyo,146411,180995,32117,7858,170670,10325,6.05,46
46021,La Rioja,Castro Barros,Cuyo,4322,4268,531,312,4541,-273,-6.01,46
46035,La Rioja,Chamical,Cuyo,13383,14160,2300,859,14824,-664,-4.48,46
46042,La Rioja,Chilecito,Cuyo,42248,49432,8917,2342,48823,609,1.25,46
46028,La Rioja,Coronel Felipe Varela,Cuyo,9939,9648,1450,495,10894,-1246,-11.44,46
46049,La Rioja,Famatina,Cuyo,6371,5863,903,389,6885,-1022,-14.84,46
46056,La Rioja,General Angel V. Penaloza,Cuyo,3127,3073,421,205,3343,-270,-8.08,46
46063,La Rioja,General Belgrano,Cuyo,7161,7370,1036,461,7736,-366,-4.73,46
46070,La Rioja,General Juan F. Quiroga,Cuyo,4546,4108,591,272,4865,-757,-15.56,46
46077,La Rioja,General Lamadrid,Cuyo,1717,1734,238,69,1886,-152,-8.06,46
46084,La Rioja,General Ocampo,Cuyo,7331,7145,974,448,7857,-712,-9.06,46
46091,La Rioja,General San Martin,Cuyo,4956,4944,888,252,5592,-648,-11.59,46
46105,La Rioja,Independencia,Cuyo,2405,2427,491,206,2690,-263,-9.78,46
46112,La Rioja,Rosario Vera Penaloza,Cuyo,13299,14054,2420,626,15093,-1039,-6.88,46
46119,La Rioja,San Blas De Los Sauces,Cuyo,4048,3927,628,278,4398,-471,-10.71,46
46126,La Rioja,Sanagasta,Cuyo,2165,2345,336,133,2368,-23,-0.97,46
46098,La Rioja,Vinchina,Cuyo,2834,2731,289,111,3012,-281,-9.33,46
50007,Mendoza,Capital,Cuyo,110993,115041,17728,10454,118267,-3226,-2.73,50
50014,Mendoza,General Alvear,Cuyo,44147,46429,7276,3522,47901,-1472,-3.07,50
50021,Mendoza,Godoy Cruz,Cuyo,182977,191903,28822,13705,198094,-6191,-3.13,50
50028,Mendoza,Guaymallen,Cuyo,251339,283803,45424,17106,279657,4146,1.48,50
50035,Mendoza,Junin,Cuyo,35045,37859,6467,2213,39299,-1440,-3.66,50
50042,Mendoza,La Paz,Cuyo,9560,10012,1543,590,10513,-501,-4.77,50
50049,Mendoza,Las Heras,Cuyo,182962,203666,33313,11213,205062,-1396,-0.68,50
50056,Mendoza,Lavalle,Cuyo,32129,36738,7338,1912,37555,-817,-2.18,50
50063,Mendoza,Lujan De Cuyo,Cuyo,104470,119888,20125,5742,118853,1035,0.87,50
50070,Mendoza,Maipu,Cuyo,153600,172332,30220,9298,174522,-2190,-1.25,50
50077,Mendoza,Malargue,Cuyo,23020,27660,4927,1118,26829,831,3.1,50
50084,Mendoza,Rivadavia,Cuyo,52567,56373,9123,3644,58046,-1673,-2.88,50
50091,Mendoza,San Carlos,Cuyo,28341,32631,5716,1641,32416,215,0.66,50
50098,Mendoza,San Martin,Cuyo,108448,118220,20137,7658,120927,-2707,-2.24,50
50105,Mendoza,San Rafael,Cuyo,173571,188018,29102,12380,190293,-2275,-1.2,50
50112,Mendoza,Santa Rosa,Cuyo,15818,16374,2650,837,17631,-1257,-7.13,50
50119,Mendoza,Tunuyan,Cuyo,42125,49458,9526,2700,48951,507,1.04,50
50126,Mendoza,Tupungato,Cuyo,28539,32524,7036,1272,34303,-1779,-5.19,50
70126,San Juan,25 De Mayo,Cuyo,15193,17119,4141,884,18450,-1331,-7.21,70
70063,San Juan,9 De Julio,Cuyo,7652,9307,1799,375,9076,231,2.55,70
70007,San Juan,Albardon,Cuyo,20413,23888,4939,1209,24143,-255,-1.06,70
70014,San Juan,Angaco,Cuyo,7570,8125,1799,553,8816,-691,-7.84,70
70021,San Juan,Calingasta,Cuyo,8176,8588,1629,433,9372,-784,-8.37,70
70028,San Juan,Capital,Cuyo,112778,109123,18518,10260,121036,-11913,-9.84,70
70035,San Juan,Caucete,Cuyo,33609,38343,7832,2176,39265,-922,-2.35,70
70042,San Juan,Chimbas,Cuyo,73829,87258,16693,3828,86694,564,0.65,70
70049,San Juan,Iglesia,Cuyo,6737,9099,1183,346,7574,1525,20.13,70
70056,San Juan,Jachal,Cuyo,21018,21730,3629,1291,23356,-1626,-6.96,70
70070,San Juan,Pocito,Cuyo,40969,53162,10593,2168,49394,3768,7.63,70
70077,San Juan,Rawson,Cuyo,107740,114368,21257,6498,122499,-8131,-6.64,70
70084,San Juan,Rivadavia,Cuyo,76150,82641,14399,4419,86130,-3489,-4.05,70
70091,San Juan,San Martin,Cuyo,10140,11115,2211,565,11786,-671,-5.69,70
70098,San Juan,Santa Lucia,Cuyo,43565,48087,8849,2962,49452,-1365,-2.76,70
70105,San Juan,Sarmiento,Cuyo,19092,22131,5162,959,23295,-1164,-5,70
70112,San Juan,Ullum,Cuyo,4490,4886,971,221,5240,-354,-6.76,70
70119,San Juan,Valle Fertil,Cuyo,6864,7222,1162,417,7609,-387,-5.09,70
70133,San Juan,Zonda,Cuyo,4038,4863,979,192,4825,38,0.79,70
74007,San Luis,Ayacucho,Cuyo,16906,19087,3245,1296,18855,232,1.23,74
74014,San Luis,Belgrano,Cuyo,3881,3985,608,313,4176,-191,-4.57,74
74028,San Luis,Chacabuco,Cuyo,18410,20744,2852,1177,20085,659,3.28,74
74021,San Luis,Coronel Pringles,Cuyo,12571,13157,2361,886,14046,-889,-6.33,74
74035,San Luis,General Pedernera,Cuyo,110814,125899,22318,7356,125776,123,0.1,74
74042,San Luis,Gobernador Dupuy,Cuyo,11120,11779,1906,620,12406,-627,-5.05,74
74049,San Luis,Junin,Cuyo,20271,28933,3903,1426,22748,6185,27.19,74
74056,San Luis,La Capital,Cuyo,168771,204019,36814,8451,197134,6885,3.49,74
74063,San Luis,Libertador General San Martin,Cuyo,5189,4707,675,409,5455,-748,-13.71,74
22126,Chaco,1 De Mayo,Nea,9131,10322,1732,618,10245,77,0.75,22
22036,Chaco,12 De Octubre,Nea,20149,22281,3968,1258,22859,-578,-2.53,22
22039,Chaco,2 De Abril,Nea,7435,7432,1193,423,8205,-773,-9.42,22
22168,Chaco,25 De Mayo,Nea,28070,29215,6578,1701,32947,-3732,-11.33,22
22105,Chaco,9 De Julio,Nea,26955,28555,5385,1662,30678,-2123,-6.92,22
22007,Chaco,Almirante Brown,Nea,29086,34075,7812,1516,35382,-1307,-3.69,22
22014,Chaco,Bermejo,Nea,24215,25052,4716,1766,27165,-2113,-7.78,22
22028,Chaco,Chacabuco,Nea,27813,30590,6841,3617,31037,-447,-1.44,22
22021,Chaco,Comandante Fernandez,Nea,88164,96944,16797,4021,100940,-3996,-3.96,22
22043,Chaco,Fray Justo Santa Maria De Oro,Nea,10485,11826,1977,604,11858,-32,-0.27,22
22049,Chaco,General Belgrano,Nea,10470,11988,2701,663,12508,-520,-4.16,22
22056,Chaco,General Donovan,Nea,13385,13490,2595,865,15115,-1625,-10.75,22
22063,Chaco,General Guemes,Nea,62227,67132,16551,3476,75302,-8170,-10.85,22
22070,Chaco,Independencia,Nea,20620,22411,5654,1184,25090,-2679,-10.68,22
22077,Chaco,Libertad,Nea,10822,12158,1979,580,12221,-63,-0.52,22
22084,Chaco,Libertador General San Martin,Nea,54470,59147,12607,3249,63828,-4681,-7.33,22
22091,Chaco,Maipu,Nea,24747,25288,4837,1367,28217,-2929,-10.38,22
22098,Chaco,Mayor Luis J. Fontana,Nea,53550,55080,11001,3324,61227,-6147,-10.04,22
22112,Chaco,O'higgins,Nea,19231,20131,4777,1271,22737,-2606,-11.46,22
22119,Chaco,Presidencia De La Plaza,Nea,12231,12499,2347,787,13791,-1292,-9.37,22
22133,Chaco,Quitilipi,Nea,32083,34081,6977,2001,37059,-2978,-8.04,22
22140,Chaco,San Fernando,Nea,365637,390874,63196,20828,408005,-17131,-4.2,22
22147,Chaco,San Lorenzo,Nea,14252,14702,2993,915,16330,-1628,-9.97,22
22154,Chaco,Sargento Cabral,Nea,15030,15889,3115,916,17229,-1340,-7.78,22
22161,Chaco,Tapenaga,Nea,4188,4097,791,204,4775,-678,-14.2,22
18007,Corrientes,Bella Vista,Nea,35350,37181,6895,2038,40207,-3026,-7.53,18
18014,Corrientes,Beron De Astrada,Nea,2294,2461,376,148,2522,-61,-2.42,18
18021,Corrientes,Capital,Nea,328868,358223,64799,18562,375105,-16882,-4.5,18
18028,Corrientes,Concepcion,Nea,18411,21113,4225,993,21643,-530,-2.45,18
18035,Corrientes,Curuzu Cuatia,Nea,42075,44384,8747,2828,47994,-3610,-7.52,18
18042,Corrientes,Empedrado,Nea,14721,15109,2340,946,16115,-1006,-6.24,18
18049,Corrientes,Esquina,Nea,30372,30802,6383,1786,34969,-4167,-11.92,18
18056,Corrientes,General Alvear,Nea,8147,7926,1333,551,8929,-1003,-11.23,18
18063,Corrientes,General Paz,Nea,14775,14836,2077,943,15909,-1073,-6.74,18
18070,Corrientes,Goya,Nea,87349,89959,17134,5655,98828,-8869,-8.97,18
18077,Corrientes,Itati,Nea,8774,9171,1449,520,9703,-532,-5.48,18
18084,Corrientes,Ituzaingo,Nea,30565,31150,5662,1218,35009,-3859,-11.02,18
18091,Corrientes,Lavalle,Nea,26250,28759,5973,1396,30827,-2068,-6.71,18
18098,Corrientes,Mburucuya,Nea,9012,9252,1669,719,9962,-710,-7.13,18
18105,Corrientes,Mercedes,Nea,39206,40667,7410,2477,44139,-3472,-7.87,18
18112,Corrientes,Monte Caseros,Nea,33684,36338,5862,2125,37421,-1083,-2.89,18
18119,Corrientes,Paso De Los Libres,Nea,46326,48642,10587,2640,54273,-5631,-10.38,18
18126,Corrientes,Saladas,Nea,21470,22244,4263,1331,24402,-2158,-8.84,18
18133,Corrientes,San Cosme,Nea,13189,14381,1637,666,14160,221,1.56,18
18140,Corrientes,San Luis Del Palmar,Nea,16513,17590,3001,1171,18343,-753,-4.11,18
18147,Corrientes,San Martin,Nea,12236,13140,2527,773,13990,-850,-6.08,18
18154,Corrientes,San Miguel,Nea,10252,10572,2282,656,11878,-1306,-11,18
18161,Corrientes,San Roque,Nea,17951,18366,3115,1086,19980,-1614,-8.08,18
18168,Corrientes,Santo Tome,Nea,54050,61297,11331,2814,62567,-1270,-2.03,18
18175,Corrientes,Sauce,Nea,9151,9032,1773,562,10362,-1330,-12.84,18
34007,Formosa,Bermejo,Nea,12710,14046,3429,571,15568,-1522,-9.78,34
34014,Formosa,Formosa,Nea,210071,234354,46022,11369,244724,-10370,-4.24,34
34021,Formosa,Laishi,Nea,16227,17063,3572,898,18901,-1838,-9.72,34
34028,Formosa,Matacos,Nea,12133,14375,3679,686,15126,-751,-4.96,34
34035,Formosa,Patino,Nea,64830,68581,14728,3769,75789,-7208,-9.51,34
34042,Formosa,Pilagas,Nea,17523,18399,3835,973,20385,-1986,-9.74,34
34049,Formosa,Pilcomayo,Nea,78114,85024,16857,4433,90538,-5514,-6.09,34
34056,Formosa,Pirane,Nea,64023,64566,13218,3621,73620,-9054,-12.3,34
34063,Formosa,Ramon Lista,Nea,10928,13754,4366,534,14760,-1006,-6.82,34
54119,Misiones,25 De Mayo,Nea,27187,27754,4975,982,31180,-3426,-10.99,54
54007,Misiones,Apostoles,Nea,38028,42249,8280,2233,44075,-1826,-4.14,54
54014,Misiones,Cainguas,Nea,47271,53403,11312,2388,56195,-2792,-4.97,54
54021,Misiones,Candelaria,Nea,22290,27040,4256,1209,25337,1703,6.72,54
54028,Misiones,Capital,Nea,284279,324756,58748,16832,326195,-1439,-0.44,54
54035,Misiones,Concepcion,Nea,9085,9577,1955,569,10471,-894,-8.54,54
54042,Misiones,Eldorado,Nea,67726,78221,15932,4460,79198,-977,-1.23,54
54049,Misiones,General Manuel Belgrano,Nea,33488,42902,9390,1148,41730,1172,2.81,54
54056,Misiones,Guarani,Nea,57818,67897,15880,2541,71157,-3260,-4.58,54
54063,Misiones,Iguazu,Nea,66539,82227,16994,2862,80671,1556,1.93,54
54070,Misiones,Leandro N. Alem,Nea,41670,45075,8703,2480,47893,-2818,-5.88,54
54077,Misiones,Libertador General San Martin,Nea,42440,46561,7733,1895,48278,-1717,-3.56,54
54084,Misiones,Montecarlo,Nea,34073,36745,7322,1484,39911,-3166,-7.93,54
54091,Misiones,Obera,Nea,95667,107501,22081,5359,112389,-4888,-4.35,54
54098,Misiones,San Ignacio,Nea,55038,57728,11474,2825,63687,-5959,-9.36,54
54105,Misiones,San Javier,Nea,19187,20906,4053,987,22253,-1347,-6.05,54
54112,Misiones,San Pedro,Nea,23736,31051,6554,891,29399,1652,5.62,54
10007,Catamarca,Ambato,Noa,4525,4463,607,269,4863,-400,-8.23,10
10014,Catamarca,Ancasti,Noa,3082,2917,458,169,3371,-454,-13.47,10
10021,Catamarca,Andalgala,Noa,17102,18132,3192,845,19449,-1317,-6.77,10
10028,Catamarca,Antofagasta De La Sierra,Noa,1282,1436,242,43,1481,-45,-3.04,10
10035,Catamarca,Belen,Noa,25475,27843,4994,1454,29015,-1172,-4.04,10
10042,Catamarca,Capayan,Noa,14137,16085,2795,711,16221,-136,-0.84,10
10049,Catamarca,Capital,Noa,141260,159703,28399,7729,161930,-2227,-1.38,10
10056,Catamarca,El Alto,Noa,3400,3570,565,150,3815,-245,-6.42,10
10063,Catamarca,Fray Mamerto Esquiu,Noa,10658,11896,1993,615,12036,-140,-1.16,10
10070,Catamarca,La Paz,Noa,21061,22638,4138,1030,24169,-1531,-6.33,10
10077,Catamarca,Paclin,Noa,4290,4185,688,276,4702,-517,-11,10
10084,Catamarca,Poman,Noa,9543,10776,1979,468,11054,-278,-2.51,10
10091,Catamarca,Santa Maria,Noa,22127,22548,3929,1120,24936,-2388,-9.58,10
10098,Catamarca,Santa Rosa,Noa,10349,12034,2039,515,11873,161,1.36,10
10105,Catamarca,Tinogasta,Noa,22570,22360,4174,1386,25358,-2998,-11.82,10
10112,Catamarca,Valle Viejo,Noa,23707,27242,4708,1163,27252,-10,-0.04,10
38007,Jujuy,Cochinoca,Noa,12111,12656,2613,747,13977,-1321,-9.45,38
38021,Jujuy,Dr. Manuel Belgrano,Noa,238012,265249,37232,9529,265715,-466,-0.18,38
38014,Jujuy,El Carmen,Noa,84667,97039,22894,6926,100635,-3596,-3.57,38
38028,Jujuy,Humahuaca,Noa,16765,17366,3476,1009,19232,-1866,-9.7,38
38035,Jujuy,Ledesma,Noa,75716,81790,14971,4137,86550,-4760,-5.5,38
38042,Jujuy,Palpala,Noa,48199,52631,8603,2280,54522,-1891,-3.47,38
38049,Jujuy,Rinconada,Noa,2298,2488,535,157,2676,-188,-7.03,38
38056,Jujuy,San Antonio,Noa,3698,4466,669,227,4140,326,7.87,38
38063,Jujuy,San Pedro,Noa,71037,75037,12648,3890,79795,-4758,-5.96,38
38070,Jujuy,Santa Barbara,Noa,17115,17730,3445,746,19814,-2084,-10.52,38
38077,Jujuy,Santa Catalina,Noa,3140,2800,724,220,3644,-844,-23.16,38
38084,Jujuy,Susques,Noa,3628,3791,1013,186,4455,-664,-14.9,38
38094,Jujuy,Tilcara,Noa,10403,12349,2201,664,11940,409,3.43,38
38098,Jujuy,Tumbaya,Noa,4553,4658,777,309,5021,-363,-7.23,38
38105,Jujuy,Valle Grande,Noa,2386,2451,486,174,2698,-247,-9.15,38
38112,Jujuy,Yavi,Noa,18160,20806,4055,1054,21161,-355,-1.68,38
66007,Salta,Anta,Noa,49841,57411,11842,2501,59182,-1771,-2.99,66
66014,Salta,Cachi,Noa,7280,7315,1476,383,8373,-1058,-12.64,66
66021,Salta,Cafayate,Noa,11785,14850,2812,671,13926,924,6.64,66
66028,Salta,Capital,Noa,472971,536113,94560,25707,541824,-5711,-1.05,66
66035,Salta,Cerrillos,Noa,26320,35789,6141,1216,31245,4544,14.54,66
66042,Salta,Chicoana,Noa,18248,20710,3996,975,21269,-559,-2.63,66
66049,Salta,General Guemes,Noa,42255,47226,8307,2322,48240,-1014,-2.1,66
66056,Salta,General Jose De San Martin,Noa,139204,156910,34857,6474,167587,-10677,-6.37,66
66063,Salta,Guachipas,Noa,3211,3187,512,176,3547,-360,-10.15,66
66070,Salta,Iruya,Noa,6368,5987,1460,335,7493,-1506,-20.1,66
66077,Salta,La Caldera,Noa,5711,7763,1093,312,6492,1271,19.58,66
66084,Salta,La Candelaria,Noa,5286,5704,987,272,6001,-297,-4.95,66
66091,Salta,La Poma,Noa,1735,1738,397,73,2059,-321,-15.59,66
66098,Salta,La Vina,Noa,7152,7435,1371,390,8133,-698,-8.58,66
66105,Salta,Los Andes,Noa,5630,6050,1454,300,6784,-734,-10.82,66
66112,Salta,Metan,Noa,39006,40351,6705,2313,43398,-3047,-7.02,66
66119,Salta,Molinos,Noa,5565,5652,1155,243,6477,-825,-12.74,66
66126,Salta,Oran,Noa,124029,138838,31399,6601,148827,-9989,-6.71,66
66133,Salta,Rivadavia,Noa,27370,30357,7773,1092,34051,-3694,-10.85,66
66140,Salta,Rosario De La Frontera,Noa,28013,28993,5382,1560,31835,-2842,-8.93,66
66147,Salta,Rosario De Lerma,Noa,33741,38702,7091,1677,39155,-453,-1.16,66
66154,Salta,San Carlos,Noa,7208,7016,1415,349,8274,-1258,-15.2,66
66161,Salta,Santa Victoria,Noa,11122,10344,2747,554,13315,-2971,-22.31,66
86007,Santiago Del Estero,Aguirre,Noa,7035,7610,1427,467,7995,-385,-4.82,86
86014,Santiago Del Estero,Alberdi,Noa,15617,17252,2934,492,18059,-807,-4.47,86
86021,Santiago Del Estero,Atamisqui,Noa,9809,10923,2522,599,11732,-809,-6.9,86
86028,Santiago Del Estero,Avellaneda,Noa,19348,20763,3543,854,22037,-1274,-5.78,86
86035,Santiago Del Estero,Banda,Noa,128387,142279,24978,7159,146206,-3927,-2.69,86
86042,Santiago Del Estero,Belgrano,Noa,7950,9243,1057,248,8759,484,5.53,86
86049,Santiago Del Estero,Capital,Noa,244567,267125,45080,13758,275889,-8764,-3.18,86
86063,Santiago Del Estero,Choya,Noa,33720,34667,4565,1171,37114,-2447,-6.59,86
86056,Santiago Del Estero,Copo,Noa,26984,31404,6003,1274,31713,-309,-0.97,86
86070,Santiago Del Estero,Figueroa,Noa,17495,17820,3501,804,20192,-2372,-11.75,86
86077,Santiago Del Estero,General Taboada,Noa,36683,38105,8113,2193,42603,-4498,-10.56,86
86084,Santiago Del Estero,Guasayan,Noa,7404,7602,964,357,8011,-409,-5.11,86
86091,Santiago Del Estero,Jimenez,Noa,13170,14352,2151,577,14744,-392,-2.66,86
86098,Santiago Del Estero,Juan F. Ibarra,Noa,16937,18051,3614,624,19927,-1876,-9.41,86
86105,Santiago Del Estero,Loreto,Noa,17442,20036,4193,1036,20599,-563,-2.73,86
86112,Santiago Del Estero,Mitre,Noa,1813,1890,320,109,2024,-134,-6.62,86
86119,Santiago Del Estero,Moreno,Noa,28053,32130,7193,1414,33832,-1702,-5.03,86
86126,Santiago Del Estero,Ojo De Agua,Noa,13352,14008,2394,800,14946,-938,-6.28,86
86133,Santiago Del Estero,Pellegrini,Noa,19517,20514,2684,614,21587,-1073,-4.97,86
86140,Santiago Del Estero,Quebrachos,Noa,11331,10568,2012,701,12642,-2074,-16.41,86
86147,Santiago Del Estero,Rio Hondo,Noa,50781,54867,10309,2927,58163,-3296,-5.67,86
86154,Santiago Del Estero,Rivadavia,Noa,4916,5015,752,225,5443,-428,-7.86,86
86161,Santiago Del Estero,Robles,Noa,40060,44415,6325,1713,44672,-257,-0.58,86
86168,Santiago Del Estero,Salavina,Noa,10664,11217,1892,380,12176,-959,-7.88,86
86175,Santiago Del Estero,San Martin,Noa,9148,9831,1502,431,10219,-388,-3.8,86
86182,Santiago Del Estero,Sarmiento,Noa,4669,4607,733,185,5217,-610,-11.69,86
86189,Santiago Del Estero,Silipica,Noa,7605,7712,1360,375,8590,-878,-10.22,86
90007,Tucuman,Burruyacu,Noa,32936,36951,7433,1815,38554,-1603,-4.16,90
90084,Tucuman,Capital,Noa,527607,548866,97680,31682,593605,-44739,-7.54,90
90021,Tucuman,Chicligasta,Noa,75133,80735,14510,4549,85094,-4359,-5.12,90
90014,Tucuman,Cruz Alta,Noa,162240,180499,35272,8637,188875,-8376,-4.43,90
90028,Tucuman,Famailla,Noa,30951,34542,6888,1916,35923,-1381,-3.84,90
90035,Tucuman,Graneros,Noa,13063,13551,2518,872,14709,-1158,-7.87,90
90042,Tucuman,Juan B. Alberdi,Noa,28206,30237,5555,1557,32204,-1967,-6.11,90
90049,Tucuman,La Cocha,Noa,17683,19002,3569,909,20343,-1341,-6.59,90
90056,Tucuman,Leales,Noa,51090,54949,9441,3126,57405,-2456,-4.28,90
90063,Tucuman,Lules,Noa,57235,68474,11576,2645,66166,2308,3.49,90
90070,Tucuman,Monteros,Noa,58442,63641,11413,3852,66003,-2362,-3.58,90
90077,Tucuman,Rio Chico,Noa,52925,56847,10325,2982,60268,-3421,-5.68,90
90091,Tucuman,Simoca,Noa,29932,30876,5096,1983,33045,-2169,-6.56,90
90098,Tucuman,Tafi Del Valle,Noa,13883,14933,2644,814,15713,-780,-4.96,90
90105,Tucuman,Tafi Viejo,Noa,108017,121638,21486,5331,124172,-2534,-2.04,90
90112,Tucuman,Trancas,Noa,15473,17371,3441,850,18064,-693,-3.84,90
90119,Tucuman,Yerba Buena,Noa,63707,75076,12282,2564,73425,1651,2.25,90
26007,Chubut,Biedma,Patagonia,58677,82883,14272,2814,70135,12748,18.18,26
26014,Chubut,Cushamen,Patagonia,17134,20919,2984,996,19122,1797,9.4,26
26021,Chubut,Escalante,Patagonia,143689,186583,29380,8847,164222,22361,13.62,26
26028,Chubut,Florentino Ameghino,Patagonia,1484,1627,196,71,1609,18,1.12,26
26035,Chubut,Futaleufu,Patagonia,37540,43076,6962,2001,42501,575,1.35,26
26042,Chubut,Gaiman,Patagonia,9612,11141,1675,658,10629,512,4.82,26
26049,Chubut,Gastre,Patagonia,1508,1427,170,77,1601,-174,-10.87,26
26056,Chubut,Languineo,Patagonia,3017,3085,324,146,3195,-110,-3.44,26
26063,Chubut,Martires,Patagonia,977,778,73,57,993,-215,-21.65,26
26070,Chubut,Paso De Indios,Patagonia,1905,1867,234,92,2047,-180,-8.79,26
26077,Chubut,Rawson,Patagonia,115829,131313,20654,6406,130077,1236,0.95,26
26084,Chubut,Rio Senguer,Patagonia,6194,5979,922,361,6755,-776,-11.49,26
26091,Chubut,Sarmiento,Patagonia,8724,11396,1998,549,10173,1223,12.02,26
26098,Chubut,Tehuelches,Patagonia,5159,5390,757,327,5589,-199,-3.56,26
26105,Chubut,Telsen,Patagonia,1788,1644,241,96,1933,-289,-14.95,26
42007,La Pampa,Atreuco,Patagonia,10134,10153,1368,823,10679,-526,-4.93,42
42014,La Pampa,Caleu Caleu,Patagonia,2075,2313,286,65,2296,17,0.74,42
42021,La Pampa,Capital,Patagonia,96920,105312,17256,6352,107824,-2512,-2.33,42
42028,La Pampa,Catrilo,Patagonia,6728,7293,1159,435,7452,-159,-2.13,42
42049,La Pampa,Chalileo,Patagonia,2517,2985,427,108,2836,149,5.25,42
42056,La Pampa,Chapaleufu,Patagonia,10787,11620,1697,823,11661,-41,-0.35,42
42063,La Pampa,Chical Co,Patagonia,1595,1502,193,60,1728,-226,-13.08,42
42035,La Pampa,Conhelo,Patagonia,14591,14077,1720,1204,15107,-1030,-6.82,42
42042,La Pampa,Curaco,Patagonia,886,1040,98,36,948,92,9.7,42
42070,La Pampa,Guatrache,Patagonia,9306,8831,1375,681,10000,-1169,-11.69,42
42077,La Pampa,Hucal,Patagonia,7838,7540,870,729,7979,-439,-5.5,42
42084,La Pampa,Lihuel Calel,Patagonia,547,439,33,14,566,-127,-22.44,42
42091,La Pampa,Limay Mahuida,Patagonia,475,503,36,25,486,17,3.5,42
42098,La Pampa,Loventue,Patagonia,8649,8619,1266,570,9345,-726,-7.77,42
42105,La Pampa,Maraco,Patagonia,54699,59024,9369,4068,60000,-976,-1.63,42
42112,La Pampa,Puelen,Patagonia,7757,9468,1328,315,8770,698,7.96,42
42119,La Pampa,Quemu Quemu,Patagonia,8756,8663,1159,810,9105,-442,-4.85,42
42126,La Pampa,Rancul,Patagonia,10648,10668,1751,697,11702,-1034,-8.84,42
42133,La Pampa,Realico,Patagonia,15302,16227,2406,1292,16416,-189,-1.15,42
42140,La Pampa,Toay,Patagonia,9256,12409,1967,497,10726,1683,15.69,42
42147,La Pampa,Trenel,Patagonia,5324,5426,640,386,5578,-152,-2.72,42
42154,La Pampa,Utracan,Patagonia,14504,14839,2432,1008,15928,-1089,-6.84,42
58007,Neuquen,Alumine,Patagonia,6308,8306,1378,247,7439,867,11.65,58
58014,Neuquen,Anelo,Patagonia,7554,10786,2165,298,9421,1365,14.49,58
58021,Neuquen,Catan Lil,Patagonia,2469,2155,333,114,2688,-533,-19.83,58
58042,Neuquen,Chos Malal,Patagonia,14185,15256,2428,496,16117,-861,-5.34,58
58028,Neuquen,Collon Cura,Patagonia,4395,4532,687,160,4922,-390,-7.92,58
58035,Neuquen,Confluencia,Patagonia,314793,362673,63178,13473,364498,-1825,-0.5,58
58049,Neuquen,Huiliches,Patagonia,12700,14725,2728,586,14842,-117,-0.79,58
58056,Neuquen,Lacar,Patagonia,24670,29748,5255,977,28948,800,2.76,58
58063,Neuquen,Loncopue,Patagonia,6457,6925,1167,260,7364,-439,-5.96,58
58070,Neuquen,Los Lagos,Patagonia,8654,11998,1675,333,9996,2002,20.03,58
58077,Neuquen,Minas,Patagonia,7072,7234,1227,241,8058,-824,-10.23,58
58084,Neuquen,Norquin,Patagonia,4628,4692,811,206,5233,-541,-10.34,58
58091,Neuquen,Pehuenches,Patagonia,13765,24087,4293,489,17569,6518,37.1,58
58098,Neuquen,Picun Leufu,Patagonia,4272,4578,728,215,4785,-207,-4.33,58
58105,Neuquen,Picunches,Patagonia,6427,7022,1239,272,7394,-372,-5.03,58
58112,Neuquen,Zapala,Patagonia,35806,36549,7180,1640,41346,-4797,-11.6,58
62091,Rio Negro,25 De Mayo,Patagonia,13153,15743,2229,836,14546,1197,8.23,62
62049,Rio Negro,9 De Julio,Patagonia,3501,3475,500,201,3800,-325,-8.55,62
62007,Rio Negro,Adolfo Alsina,Patagonia,50701,57678,9678,2634,57745,-67,-0.12,62
62014,Rio Negro,Avellaneda,Patagonia,32308,35323,6413,1738,36983,-1660,-4.49,62
62021,Rio Negro,Bariloche,Patagonia,109826,133500,20423,5311,124938,8562,6.85,62
62028,Rio Negro,Conesa,Patagonia,6291,7069,1013,427,6877,192,2.79,62
62035,Rio Negro,El Cuy,Patagonia,4252,5280,461,195,4518,762,16.87,62
62042,Rio Negro,General Roca,Patagonia,281653,320921,51905,15823,317735,3186,1,62
62056,Rio Negro,Norquinco,Patagonia,2079,1736,261,118,2222,-486,-21.87,62
62063,Rio Negro,Pichi Mahuida,Patagonia,14026,14107,2130,986,15170,-1063,-7.01,62
62070,Rio Negro,Pilcaniyeu,Patagonia,6114,7428,820,314,6620,808,12.21,62
62077,Rio Negro,San Antonio,Patagonia,23972,29284,4773,1336,27409,1875,6.84,62
62084,Rio Negro,Valcheta,Patagonia,4946,7101,703,314,5335,1766,33.1,62
78007,Santa Cruz,Corpen Aike,Patagonia,7942,11093,1761,405,9298,1795,19.31,78
78014,Santa Cruz,Deseado,Patagonia,72953,107630,19185,3727,88411,19219,21.74,78
78021,Santa Cruz,Guer Aike,Patagonia,92878,113267,19233,4738,107373,5894,5.49,78
78028,Santa Cruz,Lago Argentino,Patagonia,7500,18864,2676,336,9840,9024,91.71,78
78035,Santa Cruz,Lago Buenos Aires,Patagonia,6223,8750,1210,369,7064,1686,23.87,78
78042,Santa Cruz,Magallanes,Patagonia,6536,9202,1317,526,7327,1875,25.59,78
78049,Santa Cruz,Rio Chico,Patagonia,2926,5158,670,180,3416,1742,51,78
94007,Tierra Del Fuego,Rio Grande,Patagonia,55131,70042,11998,1895,65234,4808,7.37,94
94014,Tierra Del Fuego,Ushuaia,Patagonia,45785,56956,9644,1407,54022,2934,5.43,94
